Designator,Val,Package,Mid X,Mid Y,Rotation,Layer
C1,10uF,C_0805_2012Metric,90.250001,-109.650000,180.000000,top
C2,10uF,C_0805_2012Metric,90.250001,-103.450000,180.000000,top
C3,150uF,CP_Elec_6.3x7.7,96.650000,-107.800000,90.000000,top
C4,100nF 1206,C_1206_3216Metric,94.450000,-100.125001,90.000000,top
C5,1uF,C_0402_1005Metric,134.150000,-102.350000,0.000000,top
C6,100nF,C_0402_1005Metric,132.750000,-101.900000,90.000000,top
C7,100nF,C_0402_1005Metric,134.650000,-101.400000,0.000000,top
C8,22uF,C_0805_2012Metric,136.680000,-108.950000,90.000000,top
C9,22uF,C_0805_2012Metric,144.600000,-111.450000,-90.000000,top
C10,22uF,C_0805_2012Metric,142.600000,-111.450000,-90.000000,top
C11,22uF,C_0805_2012Metric,140.600000,-111.450000,-90.000000,top
C12,22uF,C_0805_2012Metric,138.600000,-111.450000,-90.000000,top
C13,10uF,C_0805_2012Metric,133.930000,-108.300000,0.000000,top
C14,10uF,C_0805_2012Metric,133.980000,-110.300000,0.000000,top
C15,10uF,C_0805_2012Metric,133.980000,-112.300000,0.000000,top
C16,10uF,C_0805_2012Metric,101.950001,-111.700000,180.000000,top
C17,10uF,C_0805_2012Metric,101.950001,-105.500000,180.000000,top
C18,150uF,CP_Elec_6.3x7.7,107.200000,-105.700000,90.000000,top
C19,100nF 1206,C_1206_3216Metric,114.450000,-100.125001,90.000000,top
C20,10uF,C_0805_2012Metric,149.450001,-109.600000,180.000000,top
C21,10uF,C_0805_2012Metric,149.450001,-103.400000,180.000000,top
C22,150uF,CP_Elec_6.3x7.7,154.700000,-106.100000,90.000000,top
C23,100nF 1206,C_1206_3216Metric,145.650000,-100.125001,90.000000,top
C24,10uF,C_0805_2012Metric,160.350001,-111.450000,180.000000,top
C25,10uF,C_0805_2012Metric,160.350001,-105.250000,180.000000,top
C26,150uF,CP_Elec_6.3x7.7,167.900000,-107.800000,90.000000,top
C27,100nF 1206,C_1206_3216Metric,165.650000,-100.125000,90.000000,top
C28,10uF,C_0805_2012Metric,133.980000,-128.300000,0.000000,top
C29,10uF,C_0805_2012Metric,133.980000,-126.300000,0.000000,top
C30,10uF,C_0805_2012Metric,133.930000,-124.300000,0.000000,top
C31,100nF,C_0402_1005Metric,132.750000,-117.900000,90.000000,top
C32,100nF,C_0402_1005Metric,134.650000,-117.400000,0.000000,top
C33,1uF,C_0402_1005Metric,134.150000,-118.350000,0.000000,top
C34,22uF,C_0805_2012Metric,138.600000,-127.450000,-90.000000,top
C35,22uF,C_0805_2012Metric,140.600000,-127.450000,-90.000000,top
C36,22uF,C_0805_2012Metric,142.600000,-127.450000,-90.000000,top
C37,22uF,C_0805_2012Metric,144.600000,-127.450000,-90.000000,top
C38,22uF,C_0805_2012Metric,136.680000,-124.950000,90.000000,top
C39,10uF,C_0805_2012Metric,101.950001,-127.700000,180.000000,top
C40,10uF,C_0805_2012Metric,101.950001,-121.500000,180.000000,top
C41,150uF,CP_Elec_6.3x7.7,107.200000,-121.700000,90.000000,top
C42,100nF 1206,C_1206_3216Metric,114.450000,-116.125001,90.000000,top
C43,10uF,C_0805_2012Metric,90.250001,-125.650000,180.000000,top
C44,10uF,C_0805_2012Metric,90.250001,-119.450000,180.000000,top
C45,150uF,CP_Elec_6.3x7.7,96.650000,-123.800000,90.000000,top
C46,100nF 1206,C_1206_3216Metric,94.450000,-116.125001,90.000000,top
C47,10uF,C_0805_2012Metric,149.450001,-125.600000,180.000000,top
C48,10uF,C_0805_2012Metric,149.450001,-119.400000,180.000000,top
C49,150uF,CP_Elec_6.3x7.7,154.700000,-122.100000,90.000000,top
C50,100nF 1206,C_1206_3216Metric,145.650000,-116.125001,90.000000,top
C51,10uF,C_0805_2012Metric,160.350001,-127.450000,180.000000,top
C52,10uF,C_0805_2012Metric,160.350001,-121.250000,180.000000,top
C53,150uF,CP_Elec_6.3x7.7,167.900000,-123.800000,90.000000,top
C54,100nF 1206,C_1206_3216Metric,165.650000,-116.125000,90.000000,top
C55,10uF,C_0805_2012Metric,133.980000,-144.300000,0.000000,top
C56,10uF,C_0805_2012Metric,133.980000,-142.300000,0.000000,top
C57,10uF,C_0805_2012Metric,133.930000,-140.300000,0.000000,top
C58,100nF,C_0402_1005Metric,132.750000,-133.900000,90.000000,top
C59,100nF,C_0402_1005Metric,134.650000,-133.400000,0.000000,top
C60,1uF,C_0402_1005Metric,134.150000,-134.350000,0.000000,top
C61,22uF,C_0805_2012Metric,138.600000,-143.450000,-90.000000,top
C62,22uF,C_0805_2012Metric,140.600000,-143.450000,-90.000000,top
C63,22uF,C_0805_2012Metric,142.600000,-143.450000,-90.000000,top
C64,22uF,C_0805_2012Metric,144.600000,-143.450000,-90.000000,top
C65,22uF,C_0805_2012Metric,136.680000,-140.950000,90.000000,top
C66,10uF,C_0805_2012Metric,101.950001,-143.700000,180.000000,top
C67,10uF,C_0805_2012Metric,101.950001,-137.500000,180.000000,top
C68,150uF,CP_Elec_6.3x7.7,107.200000,-137.700000,90.000000,top
C69,100nF 1206,C_1206_3216Metric,114.450000,-132.125001,90.000000,top
C70,10uF,C_0805_2012Metric,160.350001,-143.450000,180.000000,top
C71,10uF,C_0805_2012Metric,160.350001,-137.250000,180.000000,top
C72,150uF,CP_Elec_6.3x7.7,167.900000,-139.800000,90.000000,top
C73,100nF 1206,C_1206_3216Metric,165.650000,-132.125000,90.000000,top
C74,10uF,C_0805_2012Metric,149.450001,-141.600000,180.000000,top
C75,10uF,C_0805_2012Metric,149.450001,-135.400000,180.000000,top
C76,150uF,CP_Elec_6.3x7.7,154.700000,-138.100000,90.000000,top
C77,100nF 1206,C_1206_3216Metric,145.650000,-132.125001,90.000000,top
C78,10uF,C_0805_2012Metric,90.250001,-141.650000,180.000000,top
C79,10uF,C_0805_2012Metric,90.250001,-135.450000,180.000000,top
C80,150uF,CP_Elec_6.3x7.7,96.650000,-139.800000,90.000000,top
C81,100nF 1206,C_1206_3216Metric,94.450000,-132.125001,90.000000,top
C82,10uF,C_0805_2012Metric,133.980000,-160.300000,0.000000,top
C83,10uF,C_0805_2012Metric,133.980000,-158.300000,0.000000,top
C84,10uF,C_0805_2012Metric,133.930000,-156.300000,0.000000,top
C85,100nF,C_0402_1005Metric,132.750000,-149.900000,90.000000,top
C86,100nF,C_0402_1005Metric,134.650000,-149.400000,0.000000,top
C87,1uF,C_0402_1005Metric,134.150000,-150.350000,0.000000,top
C88,22uF,C_0805_2012Metric,138.600000,-159.450000,-90.000000,top
C89,22uF,C_0805_2012Metric,140.600000,-159.450000,-90.000000,top
C90,22uF,C_0805_2012Metric,142.600000,-159.450000,-90.000000,top
C91,22uF,C_0805_2012Metric,144.600000,-159.450000,-90.000000,top
C92,22uF,C_0805_2012Metric,136.680000,-156.950000,90.000000,top
C93,10uF,C_0805_2012Metric,101.950001,-159.700000,180.000000,top
C94,10uF,C_0805_2012Metric,101.950001,-153.500000,180.000000,top
C95,150uF,CP_Elec_6.3x7.7,107.200000,-153.700000,90.000000,top
C96,100nF 1206,C_1206_3216Metric,114.450000,-148.125001,90.000000,top
C97,10uF,C_0805_2012Metric,90.250001,-157.650000,180.000000,top
C98,10uF,C_0805_2012Metric,90.250001,-151.450000,180.000000,top
C99,150uF,CP_Elec_6.3x7.7,96.650000,-155.800000,90.000000,top
C100,100nF 1206,C_1206_3216Metric,94.450000,-148.125001,90.000000,top
C101,10uF,C_0805_2012Metric,149.450001,-157.600000,180.000000,top
C102,10uF,C_0805_2012Metric,149.450001,-151.400000,180.000000,top
C103,150uF,CP_Elec_6.3x7.7,154.700000,-154.100000,90.000000,top
C104,100nF 1206,C_1206_3216Metric,145.650000,-148.125001,90.000000,top
C105,10uF,C_0805_2012Metric,160.350001,-159.450000,180.000000,top
C106,10uF,C_0805_2012Metric,160.350001,-153.250000,180.000000,top
C107,150uF,CP_Elec_6.3x7.7,167.900000,-155.800000,90.000000,top
C108,100nF 1206,C_1206_3216Metric,165.650000,-148.125000,90.000000,top
C109,2.2uF,C_0805_2012Metric,123.010001,-122.890002,-90.000000,top
C110,10uF,C_0805_2012Metric,112.000000,-172.150000,90.000000,top
C111,1uF HV,C_0603_1608Metric,121.125000,-155.830000,0.000000,top
C112,1uF,C_0402_1005Metric,121.100000,-153.720000,-90.000000,top
C113,100nF,C_0402_1005Metric,125.100000,-161.025000,0.000000,top
C114,1uF,C_0402_1005Metric,122.070000,-154.150000,-90.000000,top
C115,100nF,C_0402_1005Metric,120.125000,-154.190000,-90.000000,top
C116,1uF,C_0402_1005Metric,119.450000,-168.130000,90.000000,top
C117,100nF,C_0402_1005Metric,126.100000,-159.075000,180.000000,top
C118,10uF,C_0805_2012Metric,133.980000,-176.300000,0.000000,top
C119,10uF,C_0805_2012Metric,133.980000,-174.300000,0.000000,top
C120,10uF,C_0805_2012Metric,133.930000,-172.300000,0.000000,top
C121,100nF,C_0402_1005Metric,132.750000,-165.900000,90.000000,top
C122,100nF,C_0402_1005Metric,134.650000,-165.400000,0.000000,top
C123,1uF,C_0402_1005Metric,134.150000,-166.350000,0.000000,top
C124,22uF,C_0805_2012Metric,138.600000,-175.450000,-90.000000,top
C125,22uF,C_0805_2012Metric,140.600000,-175.450000,-90.000000,top
C126,22uF,C_0805_2012Metric,142.600000,-175.450000,-90.000000,top
C127,22uF,C_0805_2012Metric,144.600000,-175.450000,-90.000000,top
C128,22uF,C_0805_2012Metric,136.680000,-172.950000,90.000000,top
C129,10uF,C_0805_2012Metric,160.350001,-175.450000,180.000000,top
C130,10uF,C_0805_2012Metric,160.350001,-169.250000,180.000000,top
C131,150uF,CP_Elec_6.3x7.7,167.900000,-171.800000,90.000000,top
C132,100nF 1206,C_1206_3216Metric,165.650000,-164.125000,90.000000,top
C133,10uF,C_0805_2012Metric,101.950001,-175.700000,180.000000,top
C134,10uF,C_0805_2012Metric,101.950001,-169.500000,180.000000,top
C135,150uF,CP_Elec_6.3x7.7,107.200000,-169.700000,90.000000,top
C136,100nF 1206,C_1206_3216Metric,114.450000,-164.125001,90.000000,top
C137,10uF,C_0805_2012Metric,149.450001,-173.600000,180.000000,top
C138,10uF,C_0805_2012Metric,149.450001,-167.400000,180.000000,top
C139,150uF,CP_Elec_6.3x7.7,154.700000,-170.100000,90.000000,top
C140,100nF 1206,C_1206_3216Metric,145.650000,-164.125001,90.000000,top
C141,10uF,C_0805_2012Metric,90.250001,-173.650000,180.000000,top
C142,10uF,C_0805_2012Metric,90.250001,-167.450000,180.000000,top
C143,150uF,CP_Elec_6.3x7.7,96.650000,-171.800000,90.000000,top
C144,100nF 1206,C_1206_3216Metric,94.450000,-164.125001,90.000000,top
C145,100uF,CP_Elec_6.3x7.7,128.150000,-102.100000,270.000000,top
C146,100uF,CP_Elec_6.3x7.7,128.150000,-118.100000,270.000000,top
C147,100uF,CP_Elec_6.3x7.7,128.150000,-134.100000,270.000000,top
C148,100uF,CP_Elec_6.3x7.7,128.150000,-150.100000,270.000000,top
C149,100uF,CP_Elec_6.3x7.7,128.150000,-166.100000,270.000000,top
C150,10uF 0603,C_0402_1005Metric,123.030000,-120.390000,0.000000,top
D1,RED,LED_D3.0mm,90.800000,-98.700000,-90.000000,top
D2,RED,LED_D3.0mm,110.800000,-98.700000,-90.000000,top
D3,RED,LED_D3.0mm,149.200000,-98.700000,-90.000000,top
D4,RED,LED_D3.0mm,169.200000,-98.700000,-90.000000,top
D5,RED,LED_D3.0mm,110.800000,-114.700000,-90.000000,top
D6,RED,LED_D3.0mm,90.800000,-114.700000,-90.000000,top
D7,RED,LED_D3.0mm,149.200000,-114.700000,-90.000000,top
D8,RED,LED_D3.0mm,169.200000,-114.700000,-90.000000,top
D9,RED,LED_D3.0mm,110.800000,-130.700000,-90.000000,top
D10,RED,LED_D3.0mm,169.200000,-130.700000,-90.000000,top
D11,RED,LED_D3.0mm,149.200000,-130.700000,-90.000000,top
D12,RED,LED_D3.0mm,90.800000,-130.700000,-90.000000,top
D13,RED,LED_D3.0mm,110.800000,-146.700000,-90.000000,top
D14,RED,LED_D3.0mm,90.800000,-146.700000,-90.000000,top
D15,RED,LED_D3.0mm,149.200000,-146.700000,-90.000000,top
D16,RED,LED_D3.0mm,169.200000,-146.700000,-90.000000,top
D17,SMAJ22A,D_SMA,127.200000,-175.100000,0.000000,top
D18,RED,LED_D3.0mm,169.200000,-162.700000,-90.000000,top
D19,RED,LED_D3.0mm,110.800000,-162.700000,-90.000000,top
D20,RED,LED_D3.0mm,149.200000,-162.700000,-90.000000,top
D21,RED,LED_D3.0mm,90.800000,-162.700000,-90.000000,top
D22,P6SMB6.8CA,D_SMB,112.600000,-111.400000,180.000000,top
D23,P6SMB6.8CA,D_SMB,112.550001,-127.400000,180.000000,top
D24,P6SMB6.8CA,D_SMB,112.600000,-143.300000,0.000000,top
D25,P6SMB6.8CA,D_SMB,112.500000,-159.300000,180.000000,top
D26,P6SMB6.8CA,D_SMB,119.900000,-159.200000,0.000000,top
F1,2A,Fuse_1206_3216Metric,90.850000,-111.800000,180.000000,top
F2,2A,Fuse_1206_3216Metric,105.950000,-111.550000,180.000000,top
F3,2A,Fuse_1206_3216Metric,150.000000,-111.700000,0.000000,top
F4,2A,Fuse_1206_3216Metric,163.200000,-110.150000,90.000000,top
F5,3A,Fuse_1206_3216Metric,127.850000,-107.950000,0.000000,top
F6,3A,Fuse_1206_3216Metric,127.850000,-123.950000,0.000000,top
F7,2A,Fuse_1206_3216Metric,105.950000,-127.550000,180.000000,top
F8,2A,Fuse_1206_3216Metric,90.850000,-127.800000,180.000000,top
F9,2A,Fuse_1206_3216Metric,150.000000,-127.700000,0.000000,top
F10,2A,Fuse_1206_3216Metric,163.200000,-126.150000,90.000000,top
F11,3A,Fuse_1206_3216Metric,127.850000,-139.950000,0.000000,top
F12,2A,Fuse_1206_3216Metric,105.950000,-143.550000,180.000000,top
F13,2A,Fuse_1206_3216Metric,163.200000,-142.150000,90.000000,top
F14,2A,Fuse_1206_3216Metric,150.000000,-143.700000,0.000000,top
F15,2A,Fuse_1206_3216Metric,90.850000,-143.800000,180.000000,top
F16,3A,Fuse_1206_3216Metric,127.850000,-155.950000,0.000000,top
F17,2A,Fuse_1206_3216Metric,105.950000,-159.550000,180.000000,top
F18,2A,Fuse_1206_3216Metric,90.850000,-159.800000,180.000000,top
F19,2A,Fuse_1206_3216Metric,150.000000,-159.700000,0.000000,top
F20,2A,Fuse_1206_3216Metric,163.200000,-158.150000,90.000000,top
F21,6A,Fuse_1206_3216Metric,111.100000,-175.500000,180.000000,top
F22,3A,Fuse_1206_3216Metric,127.850000,-171.950000,0.000000,top
F23,2A,Fuse_1206_3216Metric,163.200000,-174.150000,90.000000,top
F24,2A,Fuse_1206_3216Metric,105.950000,-175.550000,180.000000,top
F25,2A,Fuse_1206_3216Metric,150.000000,-175.700000,0.000000,top
F26,2A,Fuse_1206_3216Metric,90.850000,-175.800000,180.000000,top
FB1,120R@100MHz 3A,L_0805_2012Metric,93.700000,-103.300000,0.000000,top
FB2,120R@100MHz 3A,L_0805_2012Metric,100.037500,-103.400000,0.000000,top
FB3,120R@100MHz 3A,L_0805_2012Metric,106.762500,-100.200000,0.000000,top
FB4,120R@100MHz 3A,L_0805_2012Metric,106.762500,-98.400000,180.000000,top
FB5,120R@100MHz 3A,L_0805_2012Metric,153.237500,-100.200000,180.000000,top
FB6,120R@100MHz 3A,L_0805_2012Metric,153.237500,-98.450000,0.000000,top
FB7,120R@100MHz 3A,L_0805_2012Metric,165.062500,-103.350000,180.000000,top
FB8,120R@100MHz 3A,L_0805_2012Metric,160.012500,-103.400000,180.000000,top
FB9,120R@100MHz 3A,L_0805_2012Metric,106.762500,-116.200000,0.000000,top
FB10,120R@100MHz 3A,L_0805_2012Metric,106.762500,-114.400000,180.000000,top
FB11,120R@100MHz 3A,L_0805_2012Metric,93.700000,-119.300000,0.000000,top
FB12,120R@100MHz 3A,L_0805_2012Metric,100.037500,-119.400000,0.000000,top
FB13,120R@100MHz 3A,L_0805_2012Metric,153.237500,-116.200000,180.000000,top
FB14,120R@100MHz 3A,L_0805_2012Metric,153.237500,-114.450000,0.000000,top
FB15,120R@100MHz 3A,L_0805_2012Metric,165.062500,-119.350000,180.000000,top
FB16,120R@100MHz 3A,L_0805_2012Metric,160.012500,-119.400000,180.000000,top
FB17,120R@100MHz 3A,L_0805_2012Metric,106.762500,-132.200000,0.000000,top
FB18,120R@100MHz 3A,L_0805_2012Metric,106.762500,-130.400000,180.000000,top
FB19,120R@100MHz 3A,L_0805_2012Metric,165.062500,-135.350000,180.000000,top
FB20,120R@100MHz 3A,L_0805_2012Metric,160.012500,-135.400000,180.000000,top
FB21,120R@100MHz 3A,L_0805_2012Metric,153.237500,-132.200000,180.000000,top
FB22,120R@100MHz 3A,L_0805_2012Metric,153.237500,-130.450000,0.000000,top
FB23,120R@100MHz 3A,L_0805_2012Metric,93.700000,-135.300000,0.000000,top
FB24,120R@100MHz 3A,L_0805_2012Metric,100.037500,-135.400000,0.000000,top
FB25,120R@100MHz 3A,L_0805_2012Metric,106.762500,-148.200000,0.000000,top
FB26,120R@100MHz 3A,L_0805_2012Metric,106.762500,-146.400000,180.000000,top
FB27,120R@100MHz 3A,L_0805_2012Metric,93.700000,-151.300000,0.000000,top
FB28,120R@100MHz 3A,L_0805_2012Metric,100.037500,-151.400000,0.000000,top
FB29,120R@100MHz 3A,L_0805_2012Metric,153.237500,-148.200000,180.000000,top
FB30,120R@100MHz 3A,L_0805_2012Metric,153.237500,-146.450000,0.000000,top
FB31,120R@100MHz 3A,L_0805_2012Metric,165.062500,-151.350000,180.000000,top
FB32,120R@100MHz 3A,L_0805_2012Metric,160.012500,-151.400000,180.000000,top
FB33,120R@100MHz 3A,L_0805_2012Metric,165.062500,-167.350000,180.000000,top
FB34,120R@100MHz 3A,L_0805_2012Metric,160.012500,-167.400000,180.000000,top
FB35,120R@100MHz 3A,L_0805_2012Metric,106.762500,-164.200000,0.000000,top
FB36,120R@100MHz 3A,L_0805_2012Metric,106.762500,-162.400000,180.000000,top
FB37,120R@100MHz 3A,L_0805_2012Metric,153.237500,-164.200000,180.000000,top
FB38,120R@100MHz 3A,L_0805_2012Metric,153.237500,-162.450000,0.000000,top
FB39,120R@100MHz 3A,L_0805_2012Metric,93.700000,-167.300000,0.000000,top
FB40,120R@100MHz 3A,L_0805_2012Metric,100.037500,-167.400000,0.000000,top
H2,ToolingHole,ToolingHole_JLCSMT,111.900000,-103.900000,0.000000,top
H3,ToolingHole,ToolingHole_JLCSMT,170.400000,-176.200000,0.000000,top
J1,USB_C_Receptacle,USB_Type_C_Straight_C168703,100.000000,-100.000000,0.000000,top
J2,USB_C_Receptacle,USB_Type_C_Straight_C168703,120.000000,-100.000000,0.000000,top
J3,USB_C_Receptacle,USB_Type_C_Straight_C168703,140.000000,-100.000000,0.000000,top
J4,USB_C_Receptacle,USB_Type_C_Straight_C168703,160.000000,-100.000000,0.000000,top
J5,USB_C_Receptacle,USB_Type_C_Straight_C168703,120.000000,-116.000000,0.000000,top
J6,USB_C_Receptacle,USB_Type_C_Straight_C168703,100.000000,-116.000000,0.000000,top
J7,USB_C_Receptacle,USB_Type_C_Straight_C168703,140.000000,-116.000000,0.000000,top
J8,USB_C_Receptacle,USB_Type_C_Straight_C168703,160.000000,-116.000000,0.000000,top
J9,USB_C_Receptacle,USB_Type_C_Straight_C168703,120.000000,-132.000000,0.000000,top
J10,USB_C_Receptacle,USB_Type_C_Straight_C168703,160.000000,-132.000000,0.000000,top
J11,USB_C_Receptacle,USB_Type_C_Straight_C168703,140.000000,-132.000000,0.000000,top
J12,USB_C_Receptacle,USB_Type_C_Straight_C168703,100.000000,-132.000000,0.000000,top
J13,USB_C_Receptacle,USB_Type_C_Straight_C168703,120.000000,-148.000000,0.000000,top
J14,USB_C_Receptacle,USB_Type_C_Straight_C168703,100.000000,-148.000000,0.000000,top
J15,USB_C_Receptacle,USB_Type_C_Straight_C168703,140.000000,-148.000000,0.000000,top
J16,USB_C_Receptacle,USB_Type_C_Straight_C168703,160.000000,-148.000000,0.000000,top
J17,USB_C_Receptacle_USB2.0,USB_C_Receptacle_Palconn_UTC16-G,118.680000,-174.160000,0.000000,top
J18,USB_C_Receptacle,USB_Type_C_Straight_C168703,160.000000,-164.000000,0.000000,top
J19,USB_C_Receptacle,USB_Type_C_Straight_C168703,120.000000,-164.000000,0.000000,top
J20,USB_C_Receptacle,USB_Type_C_Straight_C168703,140.000000,-164.000000,0.000000,top
J21,USB_C_Receptacle,USB_Type_C_Straight_C168703,100.000000,-164.000000,0.000000,top
L1,4.7uH,L_Sunlord_MWSA0605S,142.100000,-106.250000,0.000000,top
L2,4.7uH,L_Sunlord_MWSA0605S,142.100000,-122.250000,0.000000,top
L3,4.7uH,L_Sunlord_MWSA0605S,142.100000,-138.250000,0.000000,top
L4,4.7uH,L_Sunlord_MWSA0605S,142.100000,-154.250000,0.000000,top
L5,4.7uH,L_Sunlord_MWSA0605S,142.100000,-170.250000,0.000000,top
Q1,AP90P03Q,DFN-8-FET_3x3mm_P0.65mm,116.700000,-168.725000,90.000000,top
Q2,AP90P03Q,DFN-8-FET_3x3mm_P0.65mm,122.200000,-168.700000,270.000000,top
R1,3.9k,R_0402_1005Metric,92.500000,-105.769999,-90.000000,top
R2,680R,R_0402_1005Metric,92.450000,-101.090000,-90.000000,top
R3,22k,R_0402_1005Metric,92.500000,-107.700000,90.000000,top
R4,22k,R_0402_1005Metric,92.500000,-109.660000,90.000000,top
R5,300k,R_0402_1005Metric,131.700000,-108.200000,90.000000,top
R6,300k,R_0402_1005Metric,131.250000,-110.100000,90.000000,top
R7,56k,R_0402_1005Metric,131.150000,-106.150000,90.000000,top
R8,3.9k,R_0402_1005Metric,103.200000,-103.600000,-90.000000,top
R9,680R,R_0402_1005Metric,112.450000,-101.090000,-90.000000,top
R10,22k,R_0402_1005Metric,104.600000,-98.790000,90.000000,top
R11,22k,R_0402_1005Metric,104.610000,-109.850000,0.000000,top
R12,3.9k,R_0402_1005Metric,153.050000,-110.659999,90.000000,top
R13,680R,R_0402_1005Metric,150.900000,-101.090000,90.000000,top
R14,22k,R_0402_1005Metric,155.500000,-98.790000,90.000000,top
R15,22k,R_0402_1005Metric,152.500000,-102.000000,180.000000,top
R16,3.9k,R_0402_1005Metric,163.400000,-107.200000,180.000000,top
R17,680R,R_0402_1005Metric,167.350000,-101.090000,-90.000000,top
R18,22k,R_0402_1005Metric,169.450000,-103.300000,90.000000,top
R19,22k,R_0402_1005Metric,170.450000,-103.300000,90.000000,top
R20,300k,R_0402_1005Metric,131.700000,-124.200000,90.000000,top
R21,300k,R_0402_1005Metric,131.250000,-126.100000,90.000000,top
R22,56k,R_0402_1005Metric,131.150000,-122.150000,90.000000,top
R23,3.9k,R_0402_1005Metric,103.200000,-119.600000,-90.000000,top
R24,680R,R_0402_1005Metric,112.450000,-117.090000,-90.000000,top
R25,22k,R_0402_1005Metric,104.600000,-114.790000,90.000000,top
R26,22k,R_0402_1005Metric,104.610000,-125.850000,0.000000,top
R27,3.9k,R_0402_1005Metric,92.500000,-121.769999,-90.000000,top
R28,680R,R_0402_1005Metric,92.450000,-117.090000,-90.000000,top
R29,22k,R_0402_1005Metric,92.500000,-123.700000,90.000000,top
R30,22k,R_0402_1005Metric,92.500000,-125.660000,90.000000,top
R31,3.9k,R_0402_1005Metric,153.050000,-126.659999,90.000000,top
R32,680R,R_0402_1005Metric,150.900000,-117.090000,90.000000,top
R33,22k,R_0402_1005Metric,155.500000,-114.790000,90.000000,top
R34,22k,R_0402_1005Metric,152.500000,-118.000000,180.000000,top
R35,3.9k,R_0402_1005Metric,163.400000,-123.200000,180.000000,top
R36,680R,R_0402_1005Metric,167.350000,-117.090000,-90.000000,top
R37,22k,R_0402_1005Metric,169.450000,-119.300000,90.000000,top
R38,22k,R_0402_1005Metric,170.450000,-119.300000,90.000000,top
R39,300k,R_0402_1005Metric,131.700000,-140.200000,90.000000,top
R40,300k,R_0402_1005Metric,131.250000,-142.100000,90.000000,top
R41,56k,R_0402_1005Metric,131.150000,-138.150000,90.000000,top
R42,3.9k,R_0402_1005Metric,103.200000,-135.600000,-90.000000,top
R43,680R,R_0402_1005Metric,112.450000,-133.090000,-90.000000,top
R44,22k,R_0402_1005Metric,104.600000,-130.790000,90.000000,top
R45,22k,R_0402_1005Metric,104.610000,-141.850000,0.000000,top
R46,3.9k,R_0402_1005Metric,163.400000,-139.200000,180.000000,top
R47,680R,R_0402_1005Metric,167.350000,-133.090000,-90.000000,top
R48,22k,R_0402_1005Metric,169.450000,-135.300000,90.000000,top
R49,22k,R_0402_1005Metric,170.450000,-135.300000,90.000000,top
R50,3.9k,R_0402_1005Metric,153.050000,-142.659999,90.000000,top
R51,680R,R_0402_1005Metric,150.900000,-133.090000,90.000000,top
R52,22k,R_0402_1005Metric,155.500000,-130.790000,90.000000,top
R53,22k,R_0402_1005Metric,152.500000,-134.000000,180.000000,top
R54,3.9k,R_0402_1005Metric,92.500000,-137.769999,-90.000000,top
R55,680R,R_0402_1005Metric,92.450000,-133.090000,-90.000000,top
R56,22k,R_0402_1005Metric,92.500000,-139.700000,90.000000,top
R57,22k,R_0402_1005Metric,92.500000,-141.660000,90.000000,top
R58,300k,R_0402_1005Metric,131.700000,-156.200000,90.000000,top
R59,300k,R_0402_1005Metric,131.250000,-158.100000,90.000000,top
R60,56k,R_0402_1005Metric,131.150000,-154.150000,90.000000,top
R61,3.9k,R_0402_1005Metric,103.200000,-151.600000,-90.000000,top
R62,680R,R_0402_1005Metric,112.450000,-149.090000,-90.000000,top
R63,22k,R_0402_1005Metric,104.600000,-146.790000,90.000000,top
R64,22k,R_0402_1005Metric,104.610000,-157.850000,0.000000,top
R65,3.9k,R_0402_1005Metric,92.500000,-153.769999,-90.000000,top
R66,680R,R_0402_1005Metric,92.450000,-149.090000,-90.000000,top
R67,22k,R_0402_1005Metric,92.500000,-155.700000,90.000000,top
R68,22k,R_0402_1005Metric,92.500000,-157.660000,90.000000,top
R69,3.9k,R_0402_1005Metric,153.050000,-158.659999,90.000000,top
R70,680R,R_0402_1005Metric,150.900000,-149.090000,90.000000,top
R71,22k,R_0402_1005Metric,155.500000,-146.790000,90.000000,top
R72,22k,R_0402_1005Metric,152.500000,-150.000000,180.000000,top
R73,3.9k,R_0402_1005Metric,163.400000,-155.200000,180.000000,top
R74,680R,R_0402_1005Metric,167.350000,-149.090000,-90.000000,top
R75,22k,R_0402_1005Metric,169.450000,-151.300000,90.000000,top
R76,22k,R_0402_1005Metric,170.450000,-151.300000,90.000000,top
R77,10k,R_0402_1005Metric,132.300000,-99.700000,-90.000000,top
R78,1R,R_0805_2012Metric,112.750000,-169.450000,0.000000,top
R79,10k,R_0402_1005Metric,112.400000,-155.700000,0.000000,top
R80,10k,R_0402_1005Metric,112.400000,-154.750000,0.000000,top
R81,100k,R_0402_1005Metric,124.640000,-159.540000,90.000000,top
R82,1M,R_0402_1005Metric,125.100000,-162.000000,0.000000,top
R83,100k,R_0402_1005Metric,99.125000,-175.900000,180.000000,top
R84,1M,R_0402_1005Metric,126.100000,-160.050000,180.000000,top
R85,300k,R_0402_1005Metric,131.700000,-172.200000,90.000000,top
R86,300k,R_0402_1005Metric,131.250000,-174.100000,90.000000,top
R87,56k,R_0402_1005Metric,131.150000,-170.150000,90.000000,top
R88,3.9k,R_0402_1005Metric,163.400000,-171.200000,180.000000,top
R89,680R,R_0402_1005Metric,167.350000,-165.090000,-90.000000,top
R90,22k,R_0402_1005Metric,169.450000,-167.300000,90.000000,top
R91,22k,R_0402_1005Metric,170.450000,-167.300000,90.000000,top
R92,3.9k,R_0402_1005Metric,103.200000,-167.600000,-90.000000,top
R93,680R,R_0402_1005Metric,112.450000,-165.090000,-90.000000,top
R94,22k,R_0402_1005Metric,104.600000,-162.790000,90.000000,top
R95,22k,R_0402_1005Metric,104.610000,-173.850000,0.000000,top
R96,3.9k,R_0402_1005Metric,153.050000,-174.659999,90.000000,top
R97,680R,R_0402_1005Metric,150.900000,-165.090000,90.000000,top
R98,22k,R_0402_1005Metric,155.500000,-162.790000,90.000000,top
R99,22k,R_0402_1005Metric,152.500000,-166.000000,180.000000,top
R100,3.9k,R_0402_1005Metric,92.500000,-169.769999,-90.000000,top
R101,680R,R_0402_1005Metric,92.450000,-165.090000,-90.000000,top
R102,22k,R_0402_1005Metric,92.500000,-171.700000,90.000000,top
R103,22k,R_0402_1005Metric,92.500000,-173.660000,90.000000,top
R104,4.7k,R_0402_1005Metric,122.500000,-152.290000,180.000000,top
R105,22k,R_0402_1005Metric,120.600000,-152.290000,180.000000,top
R106,4.7k,R_0402_1005Metric,112.360000,-152.840000,-90.000000,top
R107,4.7k,R_0402_1005Metric,111.370000,-152.840000,90.000000,top
R108,10k,R_0402_1005Metric,132.300000,-115.600000,-90.000000,top
R109,10k,R_0402_1005Metric,132.300000,-131.640000,-90.000000,top
R110,10k,R_0402_1005Metric,132.350000,-147.689999,-90.000000,top
R111,10k,R_0402_1005Metric,132.350000,-163.650000,-90.000000,top
U1,MT9700,SOT-23-5,90.250001,-106.550000,90.000000,top
U2,AOZ1267QI,QFN-23L,133.895000,-105.025000,270.000000,top
U3,MT9700,SOT-23-5,101.950001,-108.600000,90.000000,top
U4,MT9700,SOT-23-5,149.450001,-106.500000,90.000000,top
U5,MT9700,SOT-23-5,160.350001,-108.350000,90.000000,top
U6,AOZ1267QI,QFN-23L,133.895000,-121.025000,270.000000,top
U7,MT9700,SOT-23-5,101.950001,-124.600000,90.000000,top
U8,MT9700,SOT-23-5,90.250001,-122.550000,90.000000,top
U9,MT9700,SOT-23-5,149.450001,-122.500000,90.000000,top
U10,MT9700,SOT-23-5,160.350001,-124.350000,90.000000,top
U11,AOZ1267QI,QFN-23L,133.895000,-137.025000,270.000000,top
U12,MT9700,SOT-23-5,101.950001,-140.600000,90.000000,top
U13,MT9700,SOT-23-5,160.350001,-140.350000,90.000000,top
U14,MT9700,SOT-23-5,149.450001,-138.500000,90.000000,top
U15,MT9700,SOT-23-5,90.250001,-138.550000,90.000000,top
U16,AOZ1267QI,QFN-23L,133.895000,-153.025000,270.000000,top
U17,MT9700,SOT-23-5,101.950001,-156.600000,90.000000,top
U18,MT9700,SOT-23-5,90.250001,-154.550000,90.000000,top
U19,MT9700,SOT-23-5,149.450001,-154.500000,90.000000,top
U20,MT9700,SOT-23-5,160.350001,-156.350000,90.000000,top
U21,CYPD3177,QFN-24-1EP_4x4mm_P0.5mm_EP2.7x2.7mm,117.012499,-154.370000,180.000000,top
U22,AOZ1267QI,QFN-23L,133.895000,-169.025000,270.000000,top
U23,MT9700,SOT-23-5,160.350001,-172.350000,90.000000,top
U24,MT9700,SOT-23-5,101.950001,-172.600000,90.000000,top
U25,MT9700,SOT-23-5,149.450001,-170.500000,90.000000,top
U26,MT9700,SOT-23-5,90.250001,-170.550000,90.000000,top
U27,HT7550-1-SOT89,SOT-89-3,119.100000,-121.900000,0.000000,top
